{
	"shading": {
		"basecolor": {
			"b": 0.14901960784313725,
			"g": 0.24313725490196078,
			"r": 0.5607843137254902
		},
		"roughness": 0.25
	}
}