{
	"shading": {
		"basecolor": {
			"b": 0.3686274509803922,
			"g": 0.4,
			"r": 0.41568627450980394
		},
		"roughness": 0.25
	}
}