{
	"shading": {
		"basecolor": {
			"b": 0.1607843137254902,
			"g": 0.18823529411764706,
			"r": 0.4
		},
		"roughness": 0.25
	}
}