{
	"shading": {
		"basecolor": {
			"b": 0.0,
			"g": 0.5529411764705883,
			"r": 0.8862745098039215
		},
		"roughness": 0.25
	}
}