{
	"shading": {
		"basecolor": {
			"b": 0.5490196078431373,
			"g": 0.3764705882352941,
			"r": 0.7686274509803922
		},
		"roughness": 0.25
	}
}