{
	"shading": {
		"basecolor": {
			"b": 0.5333333333333333,
			"g": 0.7333333333333333,
			"r": 0.788235294117647
		},
		"roughness": 0.25
	}
}