{
	"shading": {
		"basecolor": {
			"b": 0.1450980392156863,
			"g": 0.2901960784313726,
			"r": 0.43529411764705883
		},
		"roughness": 0.25
	}
}