{
	"shading": {
		"basecolor": {
			"b": 0.33725490196078434,
			"g": 0.3607843137254902,
			"r": 0.34509803921568627
		},
		"roughness": 0.25
	}
}