{
	"shading": {
		"basecolor": {
			"b": 0.42745098039215684,
			"g": 0.5215686274509804,
			"r": 0.7607843137254902
		},
		"roughness": 0.25
	}
}