{
	"shading": {
		"basecolor": {
			"b": 0.13333333333333333,
			"g": 0.12549019607843137,
			"r": 0.23921568627450981
		},
		"roughness": 0.25
	}
}