{
	"shading": {
		"basecolor": {
			"b": 0.2784313725490196,
			"g": 0.34509803921568627,
			"r": 0.45098039215686275
		},
		"roughness": 0.25
	}
}