{
	"shading": {
		"basecolor": {
			"b": 0.5843137254901961,
			"g": 0.5725490196078431,
			"r": 0.5568627450980392
		},
		"roughness": 0.25
	}
}