{
	"shading": {
		"basecolor": {
			"b": 0.4666666666666667,
			"g": 0.24313725490196078,
			"r": 0.7333333333333333
		},
		"roughness": 0.25
	}
}