{
	"shading": {
		"basecolor": {
			"b": 0.24705882352941178,
			"g": 0.5019607843137255,
			"r": 0.3254901960784314
		},
		"roughness": 0.25
	}
}