{
	"shading": {
		"basecolor": {
			"b": 0.5294117647058824,
			"g": 0.3176470588235294,
			"r": 0.0
		},
		"roughness": 0.25
	}
}