{
	"shading": {
		"basecolor": {
			"b": 0.12549019607843137,
			"g": 0.16862745098039217,
			"r": 0.29411764705882354
		},
		"roughness": 0.25
	}
}