{
	"shading": {
		"basecolor": {
			"b": 0.43529411764705883,
			"g": 0.3058823529411765,
			"r": 0.2196078431372549
		},
		"roughness": 0.25
	}
}