{
	"shading": {
		"basecolor": {
			"b": 0.5568627450980392,
			"g": 0.5333333333333333,
			"r": 0.4823529411764706
		},
		"roughness": 0.25
	}
}