{
	"shading": {
		"basecolor": {
			"b": 0.3686274509803922,
			"g": 0.41568627450980394,
			"r": 0.4588235294117647
		},
		"roughness": 0.25
	}
}