{
	"shading": {
		"basecolor": {
			"b": 0.25882352941176473,
			"g": 0.24313725490196078,
			"r": 0.2196078431372549
		},
		"roughness": 0.25
	}
}