{
	"shading": {
		"basecolor": {
			"b": 0.13333333333333333,
			"g": 0.4196078431372549,
			"r": 0.9098039215686274
		},
		"roughness": 0.25
	}
}