{
	"shading": {
		"basecolor": {
			"b": 0.5490196078431373,
			"g": 0.5450980392156862,
			"r": 0.10588235294117647
		},
		"roughness": 0.25
	}
}