{
	"shading": {
		"basecolor": {
			"b": 0.3058823529411765,
			"g": 0.37254901960784315,
			"r": 0.0
		},
		"roughness": 0.25
	}
}