{
	"shading": {
		"basecolor": {
			"b": 0.24313725490196078,
			"g": 0.41568627450980394,
			"r": 0.5254901960784314
		},
		"roughness": 0.25
	}
}