{
	"shading": {
		"basecolor": {
			"b": 0.15294117647058825,
			"g": 0.5490196078431373,
			"r": 0.0
		},
		"roughness": 0.25
	}
}