{
	"shading": {
		"basecolor": {
			"b": 0.7803921568627451,
			"g": 0.7843137254901961,
			"r": 0.7843137254901961
		},
		"roughness": 0.25
	}
}