{
	"shading": {
		"basecolor": {
			"b": 0.396078431372549,
			"g": 0.5607843137254902,
			"r": 0.615686274509804
		},
		"roughness": 0.25
	}
}