{
	"shading": {
		"basecolor": {
			"b": 0.4627450980392157,
			"g": 0.5019607843137255,
			"r": 0.4980392156862745
		},
		"roughness": 0.25
	}
}