{
	"shading": {
		"basecolor": {
			"b": 0.6039215686274509,
			"g": 0.403921568627451,
			"r": 0.4823529411764706
		},
		"roughness": 0.25
	}
}