{
	"shading": {
		"basecolor": {
			"b": 0.4823529411764706,
			"g": 0.21176470588235294,
			"r": 0.11764705882352941
		},
		"roughness": 0.25
	}
}