{
	"shading": {
		"basecolor": {
			"b": 0.26666666666666666,
			"g": 0.3137254901960784,
			"r": 0.33725490196078434
		},
		"roughness": 0.25
	}
}