{
	"shading": {
		"basecolor": {
			"b": 0.0,
			"g": 0.6627450980392157,
			"r": 0.9490196078431372
		},
		"roughness": 0.25
	}
}