{
	"shading": {
		"basecolor": {
			"b": 0.16862745098039217,
			"g": 0.2,
			"r": 0.39215686274509803
		},
		"roughness": 0.25
	}
}