{
	"shading": {
		"basecolor": {
			"b": 0.36470588235294116,
			"g": 0.32941176470588235,
			"r": 0.7843137254901961
		},
		"roughness": 0.25
	}
}