{
	"shading": {
		"basecolor": {
			"b": 0.1803921568627451,
			"g": 0.2235294117647059,
			"r": 0.23137254901960785
		},
		"roughness": 0.25
	}
}