{
	"shading": {
		"basecolor": {
			"b": 0.15294117647058825,
			"g": 0.2,
			"r": 0.2235294117647059
		},
		"roughness": 0.25
	}
}