{
	"shading": {
		"basecolor": {
			"b": 0.19215686274509805,
			"g": 0.28627450980392155,
			"r": 0.5411764705882353
		},
		"roughness": 0.25
	}
}