{
	"shading": {
		"basecolor": {
			"b": 0.9176470588235294,
			"g": 0.9450980392156862,
			"r": 0.9411764705882353
		},
		"roughness": 0.25
	}
}