{
	"shading": {
		"basecolor": {
			"b": 0.3058823529411765,
			"g": 0.396078431372549,
			"r": 0.8196078431372549
		},
		"roughness": 0.25
	}
}