{
	"shading": {
		"basecolor": {
			"b": 0.24313725490196078,
			"g": 0.30196078431372547,
			"r": 0.4666666666666667
		},
		"roughness": 0.25
	}
}