{
	"shading": {
		"basecolor": {
			"b": 0.4549019607843137,
			"g": 0.5098039215686274,
			"r": 0.49411764705882355
		},
		"roughness": 0.25
	}
}