{
	"shading": {
		"basecolor": {
			"b": 0.6078431372549019,
			"g": 0.6078431372549019,
			"r": 0.6078431372549019
		},
		"roughness": 0.25
	}
}