{
	"shading": {
		"basecolor": {
			"b": 0.1843137254901961,
			"g": 0.25882352941176473,
			"r": 0.21176470588235294
		},
		"roughness": 0.25
	}
}