{
	"shading": {
		"basecolor": {
			"b": 0.0,
			"g": 0.7176470588235294,
			"r": 0.9333333333333333
		},
		"roughness": 0.25
	}
}