{
	"shading": {
		"basecolor": {
			"b": 0.4823529411764706,
			"g": 0.4823529411764706,
			"r": 0.4745098039215686
		},
		"roughness": 0.25
	}
}