{
	"shading": {
		"basecolor": {
			"b": 0.16470588235294117,
			"g": 0.20392156862745098,
			"r": 0.21176470588235294
		},
		"roughness": 0.25
	}
}