{
	"shading": {
		"basecolor": {
			"b": 0.0,
			"g": 0.6235294117647059,
			"r": 0.8666666666666667
		},
		"roughness": 0.25
	}
}