{
	"shading": {
		"basecolor": {
			"b": 0.3137254901960784,
			"g": 0.3215686274509804,
			"r": 0.30980392156862746
		},
		"roughness": 0.25
	}
}