{
	"shading": {
		"basecolor": {
			"b": 0.1607843137254902,
			"g": 0.3411764705882353,
			"r": 0.6274509803921569
		},
		"roughness": 0.25
	}
}