{
	"shading": {
		"basecolor": {
			"b": 0.30980392156862746,
			"g": 0.5058823529411764,
			"r": 0.6705882352941176
		},
		"roughness": 0.25
	}
}