{
	"shading": {
		"basecolor": {
			"b": 0.0,
			"g": 0.5607843137254902,
			"r": 0.7725490196078432
		},
		"roughness": 0.25
	}
}