{
	"shading": {
		"basecolor": {
			"b": 0.38823529411764707,
			"g": 0.47058823529411764,
			"r": 0.4980392156862745
		},
		"roughness": 0.25
	}
}