{
	"shading": {
		"basecolor": {
			"b": 0.6588235294117647,
			"g": 0.7019607843137254,
			"r": 0.7137254901960784
		},
		"roughness": 0.25
	}
}