{
	"shading": {
		"basecolor": {
			"b": 0.1411764705882353,
			"g": 0.16470588235294117,
			"r": 1.0
		},
		"roughness": 0.25
	}
}