{
	"shading": {
		"basecolor": {
			"b": 0.07450980392156863,
			"g": 0.11372549019607843,
			"r": 0.7215686274509804
		},
		"roughness": 0.25
	}
}