{
	"shading": {
		"basecolor": {
			"b": 0.23529411764705882,
			"g": 0.37254901960784315,
			"r": 0.4470588235294118
		},
		"roughness": 0.25
	}
}