{
	"shading": {
		"basecolor": {
			"b": 0.09803921568627451,
			"g": 0.09019607843137255,
			"r": 0.10196078431372549
		},
		"roughness": 0.25
	}
}