{
	"shading": {
		"basecolor": {
			"b": 0.5725490196078431,
			"g": 0.5764705882352941,
			"r": 0.592156862745098
		},
		"roughness": 0.25
	}
}