{
	"shading": {
		"basecolor": {
			"b": 0.20784313725490197,
			"g": 0.21176470588235294,
			"r": 0.23921568627450981
		},
		"roughness": 0.25
	}
}