{
	"shading": {
		"basecolor": {
			"b": 0.06274509803921569,
			"g": 0.054901960784313725,
			"r": 0.054901960784313725
		},
		"roughness": 0.25
	}
}