{
	"shading": {
		"basecolor": {
			"b": 0.5529411764705883,
			"g": 0.40784313725490196,
			"r": 0.2901960784313726
		},
		"roughness": 0.25
	}
}