{
	"shading": {
		"basecolor": {
			"b": 0.7137254901960784,
			"g": 0.5333333333333333,
			"r": 0.1803921568627451
		},
		"roughness": 0.25
	}
}