{
	"shading": {
		"basecolor": {
			"b": 0.4588235294117647,
			"g": 0.45098039215686275,
			"r": 0.788235294117647
		},
		"roughness": 0.25
	}
}