{
	"shading": {
		"basecolor": {
			"b": 0.1411764705882353,
			"g": 0.10980392156862745,
			"r": 0.43137254901960786
		},
		"roughness": 0.25
	}
}