{
	"shading": {
		"basecolor": {
			"b": 0.43529411764705883,
			"g": 0.5333333333333333,
			"r": 0.5647058823529412
		},
		"roughness": 0.25
	}
}