{
	"shading": {
		"basecolor": {
			"b": 0.023529411764705882,
			"g": 0.3254901960784314,
			"r": 0.8705882352941177
		},
		"roughness": 0.25
	}
}