{
	"shading": {
		"basecolor": {
			"b": 0.18823529411764706,
			"g": 0.23529411764705882,
			"r": 0.6431372549019608
		},
		"roughness": 0.25
	}
}