{
	"shading": {
		"basecolor": {
			"b": 0.5411764705882353,
			"g": 0.5254901960784314,
			"r": 0.4980392156862745
		},
		"roughness": 0.25
	}
}