{
	"shading": {
		"basecolor": {
			"b": 0.12941176470588237,
			"g": 0.1568627450980392,
			"r": 0.6431372549019608
		},
		"roughness": 0.25
	}
}