{
	"shading": {
		"basecolor": {
			"b": 0.16862745098039217,
			"g": 0.38823529411764707,
			"r": 0.6
		},
		"roughness": 0.25
	}
}