{
	"shading": {
		"basecolor": {
			"b": 0.24705882352941178,
			"g": 0.396078431372549,
			"r": 0.49019607843137253
		},
		"roughness": 0.25
	}
}