{
	"shading": {
		"basecolor": {
			"b": 0.6313725490196078,
			"g": 0.6901960784313725,
			"r": 0.7058823529411765
		},
		"roughness": 0.25
	}
}