{
	"shading": {
		"basecolor": {
			"b": 0.4196078431372549,
			"g": 0.43137254901960786,
			"r": 0.4196078431372549
		},
		"roughness": 0.25
	}
}