{
	"shading": {
		"basecolor": {
			"b": 0.2901960784313726,
			"g": 0.24313725490196078,
			"r": 0.7686274509803922
		},
		"roughness": 0.25
	}
}