{
	"shading": {
		"basecolor": {
			"b": 0.5725490196078431,
			"g": 0.5215686274509804,
			"r": 0.615686274509804
		},
		"roughness": 0.25
	}
}