{
	"shading": {
		"basecolor": {
			"b": 0.6745098039215687,
			"g": 0.807843137254902,
			"r": 0.7176470588235294
		},
		"roughness": 0.25
	}
}