{
	"shading": {
		"basecolor": {
			"b": 0.13333333333333333,
			"g": 0.19607843137254902,
			"r": 0.16470588235294117
		},
		"roughness": 0.25
	}
}