{
	"shading": {
		"basecolor": {
			"b": 0.13333333333333333,
			"g": 0.13333333333333333,
			"r": 0.596078431372549
		},
		"roughness": 0.25
	}
}