{
	"shading": {
		"basecolor": {
			"b": 0.45098039215686275,
			"g": 0.18823529411764706,
			"r": 0.5686274509803921
		},
		"roughness": 0.25
	}
}