{
	"shading": {
		"basecolor": {
			"b": 0.8235294117647058,
			"g": 0.8823529411764706,
			"r": 0.9058823529411765
		},
		"roughness": 0.25
	}
}