{
	"shading": {
		"basecolor": {
			"b": 0.0,
			"g": 0.43529411764705883,
			"r": 0.8352941176470589
		},
		"roughness": 0.25
	}
}