{
	"shading": {
		"basecolor": {
			"b": 0.13725490196078433,
			"g": 0.10588235294117647,
			"r": 0.4117647058823529
		},
		"roughness": 0.25
	}
}