{
	"shading": {
		"basecolor": {
			"b": 0.6901960784313725,
			"g": 0.4823529411764706,
			"r": 0.043137254901960784
		},
		"roughness": 0.25
	}
}