{
	"shading": {
		"basecolor": {
			"b": 0.5294117647058824,
			"g": 0.3843137254901961,
			"r": 0.44313725490196076
		},
		"roughness": 0.25
	}
}