{
	"shading": {
		"basecolor": {
			"b": 0.13333333333333333,
			"g": 0.09803921568627451,
			"r": 0.5176470588235295
		},
		"roughness": 0.25
	}
}