{
	"shading": {
		"basecolor": {
			"b": 0.7803921568627451,
			"g": 0.8549019607843137,
			"r": 0.8823529411764706
		},
		"roughness": 0.25
	}
}