{
	"shading": {
		"basecolor": {
			"b": 0.15294117647058825,
			"g": 0.35294117647058826,
			"r": 0.17647058823529413
		},
		"roughness": 0.25
	}
}