{
	"shading": {
		"basecolor": {
			"b": 0.1450980392156863,
			"g": 0.6901960784313725,
			"r": 0.8392156862745098
		},
		"roughness": 0.25
	}
}