{
	"shading": {
		"basecolor": {
			"b": 0.2196078431372549,
			"g": 0.2,
			"r": 0.6431372549019608
		},
		"roughness": 0.25
	}
}