{
	"shading": {
		"basecolor": {
			"b": 0.1607843137254902,
			"g": 0.47058823529411764,
			"r": 0.9450980392156862
		},
		"roughness": 0.25
	}
}