{
	"shading": {
		"basecolor": {
			"b": 0.23529411764705882,
			"g": 0.4392156862745098,
			"r": 0.0
		},
		"roughness": 0.25
	}
}