{
	"shading": {
		"basecolor": {
			"b": 0.5137254901960784,
			"g": 0.6901960784313725,
			"r": 0.8
		},
		"roughness": 0.25
	}
}