{
	"shading": {
		"basecolor": {
			"b": 0.12549019607843137,
			"g": 0.14901960784313725,
			"r": 1.0
		},
		"roughness": 0.25
	}
}