{
	"shading": {
		"basecolor": {
			"b": 0.20784313725490197,
			"g": 0.8705882352941177,
			"r": 0.9098039215686274
		},
		"roughness": 0.25
	}
}