{
	"shading": {
		"basecolor": {
			"b": 0.19215686274509805,
			"g": 0.25098039215686274,
			"r": 0.49019607843137253
		},
		"roughness": 0.25
	}
}