{
	"shading": {
		"basecolor": {
			"b": 0.19607843137254902,
			"g": 0.25882352941176473,
			"r": 0.06666666666666667
		},
		"roughness": 0.25
	}
}