{
	"shading": {
		"basecolor": {
			"b": 0.47058823529411764,
			"g": 0.3686274509803922,
			"r": 0.17647058823529413
		},
		"roughness": 0.25
	}
}