{
	"shading": {
		"basecolor": {
			"b": 0.14901960784313725,
			"g": 0.20784313725490197,
			"r": 0.2823529411764706
		},
		"roughness": 0.25
	}
}