{
	"shading": {
		"basecolor": {
			"b": 0.34509803921568627,
			"g": 0.49019607843137253,
			"r": 0.4117647058823529
		},
		"roughness": 0.25
	}
}