{
	"shading": {
		"basecolor": {
			"b": 0.6745098039215687,
			"g": 0.6784313725490196,
			"r": 0.48627450980392156
		},
		"roughness": 0.25
	}
}