{
	"shading": {
		"basecolor": {
			"b": 0.6745098039215687,
			"g": 0.5725490196078431,
			"r": 0.403921568627451
		},
		"roughness": 0.25
	}
}