{
	"shading": {
		"basecolor": {
			"b": 0.36470588235294116,
			"g": 0.34901960784313724,
			"r": 0.3254901960784314
		},
		"roughness": 0.25
	}
}