{
	"shading": {
		"basecolor": {
			"b": 0.2235294117647059,
			"g": 0.11372549019607843,
			"r": 0.39215686274509803
		},
		"roughness": 0.25
	}
}