{
	"shading": {
		"basecolor": {
			"b": 0.20784313725490197,
			"g": 0.2549019607843137,
			"r": 0.27450980392156865
		},
		"roughness": 0.25
	}
}