{
	"shading": {
		"basecolor": {
			"b": 0.1803921568627451,
			"g": 0.796078431372549,
			"r": 0.9490196078431372
		},
		"roughness": 0.25
	}
}