{
	"shading": {
		"basecolor": {
			"b": 0.10980392156862745,
			"g": 0.2823529411764706,
			"r": 0.7137254901960784
		},
		"roughness": 0.25
	}
}