{
	"shading": {
		"basecolor": {
			"b": 0.13725490196078433,
			"g": 0.2196078431372549,
			"r": 0.7372549019607844
		},
		"roughness": 0.25
	}
}