{
	"shading": {
		"basecolor": {
			"b": 0.1411764705882353,
			"g": 0.1411764705882353,
			"r": 0.4666666666666667
		},
		"roughness": 0.25
	}
}