{
	"shading": {
		"basecolor": {
			"b": 0.1568627450980392,
			"g": 0.11764705882352941,
			"r": 0.10196078431372549
		},
		"roughness": 0.25
	}
}