{
	"shading": {
		"basecolor": {
			"b": 0.06666666666666667,
			"g": 0.29411764705882354,
			"r": 1.0
		},
		"roughness": 0.25
	}
}