{
	"shading": {
		"basecolor": {
			"b": 0.5137254901960784,
			"g": 0.3764705882352941,
			"r": 0.5137254901960784
		},
		"roughness": 0.25
	}
}