{
	"shading": {
		"basecolor": {
			"b": 0.796078431372549,
			"g": 0.8352941176470589,
			"r": 0.8392156862745098
		},
		"roughness": 0.25
	}
}