{
	"shading": {
		"basecolor": {
			"b": 0.16862745098039217,
			"g": 0.27450980392156865,
			"r": 0.42745098039215684
		},
		"roughness": 0.25
	}
}