{
	"shading": {
		"basecolor": {
			"b": 0.3686274509803922,
			"g": 0.36470588235294116,
			"r": 0.34509803921568627
		},
		"roughness": 0.25
	}
}