{
	"shading": {
		"basecolor": {
			"b": 0.23921568627450981,
			"g": 0.16862745098039217,
			"r": 0.11764705882352941
		},
		"roughness": 0.25
	}
}