{
	"shading": {
		"basecolor": {
			"b": 0.42745098039215684,
			"g": 0.40784313725490196,
			"r": 0.36470588235294116
		},
		"roughness": 0.25
	}
}