{
	"shading": {
		"basecolor": {
			"b": 0.16470588235294117,
			"g": 0.22745098039215686,
			"r": 0.30980392156862746
		},
		"roughness": 0.25
	}
}