{
	"shading": {
		"basecolor": {
			"b": 0.6039215686274509,
			"g": 0.7725490196078432,
			"r": 0.8509803921568627
		},
		"roughness": 0.25
	}
}