{
	"shading": {
		"basecolor": {
			"b": 0.0392156862745098,
			"g": 0.3254901960784314,
			"r": 0.8549019607843137
		},
		"roughness": 0.25
	}
}