{
	"shading": {
		"basecolor": {
			"b": 0.17254901960784313,
			"g": 0.16862745098039217,
			"r": 0.16862745098039217
		},
		"roughness": 0.25
	}
}