{
	"shading": {
		"basecolor": {
			"b": 0.3333333333333333,
			"g": 0.2196078431372549,
			"r": 0.14901960784313725
		},
		"roughness": 0.25
	}
}