{
	"shading": {
		"basecolor": {
			"b": 0.29411764705882354,
			"g": 0.2549019607843137,
			"r": 0.0
		},
		"roughness": 0.25
	}
}