{
	"shading": {
		"basecolor": {
			"b": 0.29411764705882354,
			"g": 0.5647058823529412,
			"r": 0.7098039215686275
		},
		"roughness": 0.25
	}
}