{
	"shading": {
		"basecolor": {
			"b": 0.5882352941176471,
			"g": 0.48627450980392156,
			"r": 0.40784313725490196
		},
		"roughness": 0.25
	}
}