{
	"shading": {
		"basecolor": {
			"b": 0.1607843137254902,
			"g": 0.36470588235294116,
			"r": 0.8
		},
		"roughness": 0.25
	}
}