{
	"shading": {
		"basecolor": {
			"b": 0.25882352941176473,
			"g": 0.32941176470588235,
			"r": 0.18823529411764706
		},
		"roughness": 0.25
	}
}