{
	"shading": {
		"basecolor": {
			"b": 0.26666666666666666,
			"g": 0.2901960784313726,
			"r": 0.2980392156862745
		},
		"roughness": 0.25
	}
}