{
	"shading": {
		"basecolor": {
			"b": 0.2196078431372549,
			"g": 0.43529411764705883,
			"r": 0.2823529411764706
		},
		"roughness": 0.25
	}
}