{
	"shading": {
		"basecolor": {
			"b": 0.0,
			"g": 0.6431372549019608,
			"r": 0.8588235294117647
		},
		"roughness": 0.25
	}
}