{
	"shading": {
		"basecolor": {
			"b": 0.9058823529411765,
			"g": 0.9254901960784314,
			"r": 0.9254901960784314
		},
		"roughness": 0.25
	}
}