{
	"shading": {
		"basecolor": {
			"b": 0.4117647058823529,
			"g": 0.4666666666666667,
			"r": 0.47058823529411764
		},
		"roughness": 0.25
	}
}