{
	"shading": {
		"basecolor": {
			"b": 0.16862745098039217,
			"g": 0.1607843137254902,
			"r": 0.15294117647058825
		},
		"roughness": 0.25
	}
}