{
	"shading": {
		"basecolor": {
			"b": 0.12156862745098039,
			"g": 0.09411764705882353,
			"r": 0.34509803921568627
		},
		"roughness": 0.25
	}
}