{
	"shading": {
		"basecolor": {
			"b": 0.34509803921568627,
			"g": 0.3764705882352941,
			"r": 0.3607843137254902
		},
		"roughness": 0.25
	}
}