{
	"shading": {
		"basecolor": {
			"b": 0.3333333333333333,
			"g": 0.4117647058823529,
			"r": 0.8
		},
		"roughness": 0.25
	}
}