{
	"shading": {
		"basecolor": {
			"b": 0.3215686274509804,
			"g": 0.1843137254901961,
			"r": 0.10588235294117647
		},
		"roughness": 0.25
	}
}