{
	"shading": {
		"basecolor": {
			"b": 0.4666666666666667,
			"g": 0.4588235294117647,
			"r": 0.0
		},
		"roughness": 0.25
	}
}