{
	"shading": {
		"basecolor": {
			"b": 0.15294117647058825,
			"g": 0.2196078431372549,
			"r": 0.34509803921568627
		},
		"roughness": 0.25
	}
}