{
	"shading": {
		"basecolor": {
			"b": 0.3176470588235294,
			"g": 0.615686274509804,
			"r": 0.9019607843137255
		},
		"roughness": 0.25
	}
}