{
	"shading": {
		"basecolor": {
			"b": 0.5058823529411764,
			"g": 0.5215686274509804,
			"r": 0.5254901960784314
		},
		"roughness": 0.25
	}
}