{
	"shading": {
		"basecolor": {
			"b": 0.23921568627450981,
			"g": 0.14901960784313725,
			"r": 0.6627450980392157
		},
		"roughness": 0.25
	}
}