{
	"shading": {
		"basecolor": {
			"b": 0.47843137254901963,
			"g": 0.4823529411764706,
			"r": 0.47843137254901963
		},
		"roughness": 0.25
	}
}