{
	"shading": {
		"basecolor": {
			"b": 0.6274509803921569,
			"g": 0.6313725490196078,
			"r": 0.6313725490196078
		},
		"roughness": 0.25
	}
}