{
	"shading": {
		"basecolor": {
			"b": 0.29411764705882354,
			"g": 0.23529411764705882,
			"r": 0.5490196078431373
		},
		"roughness": 0.25
	}
}