{
	"shading": {
		"basecolor": {
			"b": 0.0,
			"g": 0.5764705882352941,
			"r": 0.9176470588235294
		},
		"roughness": 0.25
	}
}