{
	"shading": {
		"basecolor": {
			"b": 0.3176470588235294,
			"g": 0.5019607843137255,
			"r": 0.10980392156862745
		},
		"roughness": 0.25
	}
}