{
	"shading": {
		"basecolor": {
			"b": 0.2235294117647059,
			"g": 0.6039215686274509,
			"r": 0.34901960784313724
		},
		"roughness": 0.25
	}
}