{
	"shading": {
		"basecolor": {
			"b": 0.4980392156862745,
			"g": 0.4196078431372549,
			"r": 0.42745098039215684
		},
		"roughness": 0.25
	}
}