{
	"shading": {
		"basecolor": {
			"b": 0.48627450980392156,
			"g": 0.4117647058823529,
			"r": 0.17254901960784313
		},
		"roughness": 0.25
	}
}