{
	"shading": {
		"basecolor": {
			"b": 0.20392156862745098,
			"g": 0.19607843137254902,
			"r": 0.18823529411764706
		},
		"roughness": 0.25
	}
}