{
	"shading": {
		"basecolor": {
			"b": 0.45098039215686275,
			"g": 0.4823529411764706,
			"r": 0.5019607843137255
		},
		"roughness": 0.25
	}
}