{
	"shading": {
		"basecolor": {
			"b": 0.3254901960784314,
			"g": 0.18823529411764706,
			"r": 0.13333333333333333
		},
		"roughness": 0.25
	}
}