{
	"shading": {
		"basecolor": {
			"b": 0.3764705882352941,
			"g": 0.4549019607843137,
			"r": 0.23137254901960785
		},
		"roughness": 0.25
	}
}