{
	"shading": {
		"basecolor": {
			"b": 0.23137254901960785,
			"g": 0.43137254901960786,
			"r": 0.35294117647058826
		},
		"roughness": 0.25
	}
}