{
	"shading": {
		"basecolor": {
			"b": 0.22745098039215686,
			"g": 0.23921568627450981,
			"r": 0.18823529411764706
		},
		"roughness": 0.25
	}
}