{
	"shading": {
		"basecolor": {
			"b": 0.5137254901960784,
			"g": 0.29411764705882354,
			"r": 0.5294117647058824
		},
		"roughness": 0.25
	}
}