{
	"shading": {
		"basecolor": {
			"b": 0.2980392156862745,
			"g": 0.41568627450980394,
			"r": 0.0
		},
		"roughness": 0.25
	}
}