{
	"shading": {
		"basecolor": {
			"b": 0.0,
			"g": 0.5686274509803921,
			"r": 0.8588235294117647
		},
		"roughness": 0.25
	}
}