{
	"shading": {
		"basecolor": {
			"b": 0.1607843137254902,
			"g": 0.1843137254901961,
			"r": 0.2627450980392157
		},
		"roughness": 0.25
	}
}