{
	"shading": {
		"basecolor": {
			"b": 0.1450980392156863,
			"g": 0.1803921568627451,
			"r": 0.5843137254901961
		},
		"roughness": 0.25
	}
}