{
	"shading": {
		"basecolor": {
			"b": 0.7098039215686275,
			"g": 0.8274509803921568,
			"r": 0.8901960784313725
		},
		"roughness": 0.25
	}
}