{
	"shading": {
		"basecolor": {
			"b": 0.5215686274509804,
			"g": 0.5568627450980392,
			"r": 0.5686274509803921
		},
		"roughness": 0.25
	}
}