{
	"shading": {
		"basecolor": {
			"b": 0.4666666666666667,
			"g": 0.6039215686274509,
			"r": 0.5294117647058824
		},
		"roughness": 0.25
	}
}