{
	"shading": {
		"basecolor": {
			"b": 0.16470588235294117,
			"g": 0.21176470588235294,
			"r": 0.15294117647058825
		},
		"roughness": 0.25
	}
}