{
	"shading": {
		"basecolor": {
			"b": 0.6509803921568628,
			"g": 0.6274509803921569,
			"r": 0.8431372549019608
		},
		"roughness": 0.25
	}
}