{
	"shading": {
		"basecolor": {
			"b": 0.35294117647058826,
			"g": 0.4627450980392157,
			"r": 0.47843137254901963
		},
		"roughness": 0.25
	}
}