{
	"shading": {
		"basecolor": {
			"b": 0.6627450980392157,
			"g": 0.6941176470588235,
			"r": 0.6862745098039216
		},
		"roughness": 0.25
	}
}