{
	"shading": {
		"basecolor": {
			"b": 0.1411764705882353,
			"g": 0.30196078431372547,
			"r": 0.07450980392156863
		},
		"roughness": 0.25
	}
}