{
	"shading": {
		"basecolor": {
			"b": 0.25882352941176473,
			"g": 0.26666666666666666,
			"r": 0.03137254901960784
		},
		"roughness": 0.25
	}
}