{
	"shading": {
		"basecolor": {
			"b": 0.16470588235294117,
			"g": 0.1607843137254902,
			"r": 0.16470588235294117
		},
		"roughness": 0.25
	}
}