{
	"shading": {
		"basecolor": {
			"b": 0.8823529411764706,
			"g": 0.9294117647058824,
			"r": 0.9411764705882353
		},
		"roughness": 0.25
	}
}