{
	"shading": {
		"basecolor": {
			"b": 0.7098039215686275,
			"g": 0.7294117647058823,
			"r": 0.5019607843137255
		},
		"roughness": 0.25
	}
}