{
	"shading": {
		"basecolor": {
			"b": 0.4392156862745098,
			"g": 0.5137254901960784,
			"r": 0.5568627450980392
		},
		"roughness": 0.25
	}
}