{
	"shading": {
		"basecolor": {
			"b": 0.047058823529411764,
			"g": 0.5019607843137255,
			"r": 0.6352941176470588
		},
		"roughness": 0.25
	}
}