{
	"shading": {
		"basecolor": {
			"b": 0.2196078431372549,
			"g": 0.3137254901960784,
			"r": 0.4627450980392157
		},
		"roughness": 0.25
	}
}