{
	"shading": {
		"basecolor": {
			"b": 0.23137254901960785,
			"g": 0.3254901960784314,
			"r": 0.3058823529411765
		},
		"roughness": 0.25
	}
}