{
	"shading": {
		"basecolor": {
			"b": 0.15294117647058825,
			"g": 0.1843137254901961,
			"r": 0.36470588235294116
		},
		"roughness": 0.25
	}
}