{
	"shading": {
		"basecolor": {
			"b": 0.7686274509803922,
			"g": 0.7803921568627451,
			"r": 0.7725490196078432
		},
		"roughness": 0.25
	}
}