{
	"shading": {
		"basecolor": {
			"b": 0.5490196078431373,
			"g": 0.41568627450980394,
			"r": 0.25882352941176473
		},
		"roughness": 0.25
	}
}