{
	"shading": {
		"basecolor": {
			"b": 0.615686274509804,
			"g": 0.5882352941176471,
			"r": 0.5568627450980392
		},
		"roughness": 0.25
	}
}