{
	"shading": {
		"basecolor": {
			"b": 0.42745098039215684,
			"g": 0.6666666666666666,
			"r": 0.803921568627451
		},
		"roughness": 0.25
	}
}