{
	"shading": {
		"basecolor": {
			"b": 0.23529411764705882,
			"g": 0.1411764705882353,
			"r": 0.2784313725490196
		},
		"roughness": 0.25
	}
}