{
	"shading": {
		"basecolor": {
			"b": 0.27058823529411763,
			"g": 0.2627450980392157,
			"r": 0.2196078431372549
		},
		"roughness": 0.25
	}
}