{
	"shading": {
		"basecolor": {
			"b": 0.26666666666666666,
			"g": 0.22745098039215686,
			"r": 0.17647058823529413
		},
		"roughness": 0.25
	}
}