{
	"shading": {
		"basecolor": {
			"b": 0.21176470588235294,
			"g": 0.23921568627450981,
			"r": 0.23529411764705882
		},
		"roughness": 0.25
	}
}