{
	"shading": {
		"basecolor": {
			"b": 0.20392156862745098,
			"g": 0.40784313725490196,
			"r": 0.19215686274509805
		},
		"roughness": 0.25
	}
}