{
	"shading": {
		"basecolor": {
			"b": 0.30980392156862746,
			"g": 0.28627450980392155,
			"r": 0.27450980392156865
		},
		"roughness": 0.25
	}
}