{
	"shading": {
		"basecolor": {
			"b": 0.5176470588235295,
			"g": 0.36470588235294116,
			"r": 0.058823529411764705
		},
		"roughness": 0.25
	}
}