{
	"shading": {
		"basecolor": {
			"b": 0.3137254901960784,
			"g": 0.6666666666666666,
			"r": 0.9411764705882353
		},
		"roughness": 0.25
	}
}