{
	"shading": {
		"basecolor": {
			"b": 0.47843137254901963,
			"g": 0.5607843137254902,
			"r": 0.6352941176470588
		},
		"roughness": 0.25
	}
}