{
	"shading": {
		"basecolor": {
			"b": 0.14901960784313725,
			"g": 0.16862745098039217,
			"r": 0.788235294117647
		},
		"roughness": 0.25
	}
}