{
	"shading": {
		"basecolor": {
			"b": 0.10588235294117647,
			"g": 0.6078431372549019,
			"r": 0.9529411764705882
		},
		"roughness": 0.25
	}
}