{
	"shading": {
		"basecolor": {
			"b": 0.39215686274509803,
			"g": 0.2980392156862745,
			"r": 0.11372549019607843
		},
		"roughness": 0.25
	}
}