{
	"shading": {
		"basecolor": {
			"b": 0.7686274509803922,
			"g": 0.796078431372549,
			"r": 0.7803921568627451
		},
		"roughness": 0.25
	}
}