{
	"shading": {
		"basecolor": {
			"b": 0.15294117647058825,
			"g": 0.29411764705882354,
			"r": 0.48627450980392156
		},
		"roughness": 0.25
	}
}