{
	"shading": {
		"basecolor": {
			"b": 0.07058823529411765,
			"g": 0.7137254901960784,
			"r": 0.0
		},
		"roughness": 0.25
	}
}