{
	"shading": {
		"basecolor": {
			"b": 0.29411764705882354,
			"g": 0.34509803921568627,
			"r": 0.027450980392156862
		},
		"roughness": 0.25
	}
}