{
	"shading": {
		"basecolor": {
			"b": 0.34901960784313724,
			"g": 0.3254901960784314,
			"r": 0.3137254901960784
		},
		"roughness": 0.25
	}
}