{
	"shading": {
		"basecolor": {
			"b": 0.058823529411764705,
			"g": 0.43137254901960786,
			"r": 0.8666666666666667
		},
		"roughness": 0.25
	}
}