{
	"shading": {
		"basecolor": {
			"b": 0.4980392156862745,
			"g": 0.5294117647058824,
			"r": 0.2823529411764706
		},
		"roughness": 0.25
	}
}