{
	"shading": {
		"basecolor": {
			"b": 0.3137254901960784,
			"g": 0.5176470588235295,
			"r": 0.0
		},
		"roughness": 0.25
	}
}